<manifest alg="2" build="2018.0.0.379" opt="true" iceEnabled="true" iceMarkupVersion="2" iceEnabledOptions="link,responsive,cachebuster,textStyling" exportTarget="other" domain="apptoline.com" resolutions="1x" timestamp="1518189489573">
  <folder name="images">
    <file name="app-icon.svg" crc="9689390" seo="true" ref="index:amounts">
      <caption webpage="index" alt=""/>
      <caption webpage="amounts" alt=""/>
    </file>
    <file name="app icon_poster_.png" crc="4288403288" ref="index"/>
  </folder>
  <folder name="css">
    <file name="site_global.css" crc="444006867"/>
    <file name="amounts.css" crc="4105930719" ref="amounts"/>
    <file name="index.css" crc="3797569915" ref="index"/>
  </folder>
  <folder name="scripts">
    <file name="jquery-1.8.3.min.js" crc="209076791" ref="index:amounts"/>
    <file name="museutils.js" crc="3803043152" ref="index:amounts"/>
    <file name="whatinput.js" crc="86476730" ref="index:amounts"/>
    <file name="museconfig.js" crc="4153641093" ref="index:amounts"/>
    <file name="webpro.js" crc="242022427" ref="index:amounts"/>
    <file name="form_check.php" crc="147359589" ref="index"/>
    <file name="form_throttle.php" crc="93986428" ref="index"/>
    <file name="form_process.php" crc="3851993751" ref="index"/>
    <file name="form-u102.php" crc="243046463" ref="index"/>
    <file name="require.js" crc="4157109226" ref="index:amounts"/>
    <file name="form-u575.php" crc="4161232790" ref="amounts"/>
  </folder>
  <file name="index.html" crc="4016190779" seo="true" mt="1518184202164" redirect="true"/>
  <file name="amounts.html" crc="95960625" seo="true" mt="1518184194244" redirect="true"/>
</manifest>